{
	"format_version": "1.8.0",
	"animations": {
		"animation.arx.rustic.run": {
			"animation_length": 3.25,
			"bones": {
				"body": {
					"rotation": {
						"0.0": [5, 0, 0],
						"0.25": [7.5, 0, 0],
						"0.5": [5, 0, 0],
						"0.75": [0, 0, 0],
						"1.25": [0, 0, 0],
						"1.5": [5, 0, 0],
						"1.75": [12.5, 0, 0]
					},
					"position": {
						"0.0": [0, 0, 0],
						"0.25": [0, 0, -1],
						"0.5": [0, 0, 0],
						"0.75": [0, 0, 1],
						"1.25": [0, 0, 1],
						"1.5": [0, 0, 0],
						"2.0": [0, -1, -3],
						"2.5": [0, -1, -1],
						"2.9583": [0, 0, -1]
					}
				},
				"head": {
					"rotation": {
						"0.0": {
							"post": [0, 0, 0],
							"lerp_mode": "catmullrom"
						},
						"0.5": {
							"post": [0, -47.5, 0],
							"lerp_mode": "catmullrom"
						},
						"0.75": {
							"post": [0, -42.5, 0],
							"lerp_mode": "catmullrom"
						},
						"1.25": {
							"post": [0, -42.5, 0],
							"lerp_mode": "catmullrom"
						},
						"1.5": {
							"post": [0, 0, 0],
							"lerp_mode": "catmullrom"
						}
					}
				},
				"leftArm": {
					"rotation": {
						"0.0": [0, 0, 0],
						"0.25": [7.5, 0, 0],
						"0.4167": [7.5, 0, 0],
						"0.5": [2.5, 0, 0],
						"1.5": [2.5, 0, 0],
						"1.75": [19.98247, 0.85481, -2.34941],
						"2.0": [-44.06852, 19.90349, 19.37626],
						"2.125": [-54.58682, 8.17773, 5.77509],
						"2.25": [-37.5, 0, 0],
						"2.5": [14.98637, -0.64686, 2.41492],
						"2.625": [32.10382, -5.35355, 8.45862],
						"2.75": [14.98637, -0.64686, 2.41492],
						"3.0": [-36.54514, 9.06524, 12.0012]
					},
					"position": [0, 0, 0]
				},
				"rightArm": {
					"rotation": {
						"0.0": [0, 0, 0],
						"0.25": [-12.5, 0, 0],
						"0.4167": [-10, 0, 0],
						"0.5": [-5, 0, 0],
						"1.5": [-5, 0, 0],
						"1.75": [-12.5, 0, 0],
						"2.0": [29.9055, 2.49762, -4.33287],
						"2.125": [35, 0, 0],
						"2.25": [15, 0, 0],
						"2.5": [-37.26251, -4.55749, -5.96275],
						"2.625": [-44.56145, -7.05302, -7.10708],
						"2.75": [-27.5, 0, 0],
						"3.0": [29.9055, 2.49762, -4.33287]
					},
					"position": [0, 0, 0]
				},
				"leftLeg": {
					"rotation": {
						"0.0": [5, 0, 0],
						"0.25": {
							"pre": [-5, 0, 0],
							"post": [-5, 0, 0],
							"lerp_mode": "catmullrom"
						},
						"0.4167": {
							"post": [-12.5, 0, 0],
							"lerp_mode": "catmullrom"
						},
						"0.75": [-7.5, 0, 0],
						"1.5": [-7.5, 0, 0],
						"1.625": [1.25, 0, 0],
						"1.75": [14.29, 0, 0],
						"1.875": [28.16, 0, 0],
						"2.0": [44.53, 0, 0],
						"2.125": [57.03, 0, 0],
						"2.375": [24.53, 0, 0],
						"2.5": [-10.47, 0, 0],
						"2.625": [-2.97, 0, 0],
						"2.75": [7.03, 0, 0],
						"2.875": [17.03, 0, 0],
						"3.0": [42.03, 0, 0]
					},
					"position": {
						"0.0": [0, 0, 0],
						"0.0833": [0, 1, 0],
						"0.25": [0, 2, -1],
						"0.5833": [0, 1, -1],
						"1.5": [0, 1, -1],
						"1.75": [0, 1, 2],
						"1.875": [0, 0, 3],
						"2.25": [0, 0, -5],
						"2.375": [0, 1, -4],
						"2.5": [0, 2, -2],
						"2.625": [0, 1, -2],
						"2.75": [0, 1, -1],
						"3.0": [0, 0, 1]
					}
				},
				"rightLeg": {
					"rotation": {
						"0.0": [0, 0, 0],
						"0.0833": {
							"pre": [5, 0, 0],
							"post": [5, 0, 0],
							"lerp_mode": "catmullrom"
						},
						"0.25": {
							"post": [15, 0, 0],
							"lerp_mode": "catmullrom"
						},
						"0.4167": {
							"post": [32.5, 0, 0],
							"lerp_mode": "catmullrom"
						},
						"0.5833": [17.5, 0, 0],
						"1.5": [17.5, 0, 0],
						"1.625": [27.5, 0, 0],
						"1.75": [40, 0, 0],
						"2.125": [15, 0, 0],
						"2.375": [27.5, 0, 0],
						"2.5": [42.5, 0, 0],
						"2.625": [52.5, 0, 0],
						"2.75": [40, 0, 0],
						"2.875": [50, 0, 0]
					},
					"position": {
						"0.0": [0, 0, 0],
						"0.25": [0, 0, 0],
						"0.4167": [0, -1, 1],
						"1.5": [0, 0, 0],
						"1.75": [0, -0.25, 2.5],
						"1.875": [0, 0.63, -1.25],
						"2.0": [0, 2.3, -5.4],
						"2.125": [0, 0.3, -3.4],
						"2.25": [0, 0.3, 1.6],
						"2.375": [0, 0.3, 2.6],
						"2.5": [0, 0.3, 3.6],
						"2.75": [0, 0.3, 0.6],
						"2.875": [0, 0.3, -2.4],
						"3.0": [0, 2.3, -5.4]
					}
				}
			}
		}
	}
}